{
  "timestamp": "2026-04-07T22:14:35.872Z",
  "task_id": "T1018",
  "agent_name": "nick",
  "live_data": {
    "raw_markets": 169,
    "qualifying_markets": 117,
    "clusters": 4,
    "ivan_clusters": 2
  },
  "phases": {
    "phase1_filter": {
      "p50": 0.015458,
      "p95": 0.348291,
      "p99": 0.348291
    },
    "phase2_cluster_features": {
      "p50": 0.02675,
      "p95": 0.264791,
      "p99": 0.264791
    },
    "phase3_pearson_live": {
      "p50": 0.048916,
      "p95": 1.229833,
      "p99": 1.229833
    },
    "phase3_pearson_10x10": {
      "p50": 0.922792,
      "p95": 3.466792,
      "p99": 3.466792
    },
    "phase3_pearson_20x15": {
      "p50": 3.19225,
      "p95": 3.936333,
      "p99": 3.936333
    },
    "phase4_signals": {
      "p50": 0.129959,
      "p95": 0.327541,
      "p99": 0.327541
    },
    "e2e_realistic_10x10": {
      "p50": 1.432333,
      "p95": 3.008541,
      "p99": 3.008541
    }
  }
}